-- SUPPLIERS
INSERT INTO SUPPLIERS VALUES ('998199912', N'CÔNG TY TNHH LINH KIỆN ALPHA', 'linhkienanlpha@gmail.com', N'Đường Tô Ký, Phường 10, quận 12, TP. HCM', '0192048889');
INSERT INTO SUPPLIERS VALUES ('456728123', N'CÔNG TY TNHH MÁY TÍNH CONER', 'conercompute@gmail.com', N'Đường Điện Biên Phủ, phường Cam Lợi, Thành phố Cam Ranh', '0956880885');
INSERT INTO SUPPLIERS VALUES ('091028101', N'TRUNG TÂM PHÂN PHỐI LINH KIỆN ABC', 'abclinhkien@gmail.com', N'Đường Quang Trung, phường 10, quận Gò Vấp, TP. HCM', '0123456788');
INSERT INTO SUPPLIERS VALUES ('729269102', N'NHÀ CUNG CẤP ĐIỆN TỬ VIỆT NAM', 'vietnamcungcap@gmail.com', N'Đường Nguyễn Thị Định, phường An Phú, quận 2, TP. HCM', '0898908884');
INSERT INTO SUPPLIERS VALUES ('627191022', N'MÁY TÍNH ĐIỆN TỬ ADS', 'adsmaytinh@gmail.com', N'Đường Thành Thái, phường 14, quận 10, TP. HCM', '0264930297');

-- CUSTOMERS
INSERT INTO CUSTOMERS VALUES ('132457990', N'Nguyễn', N'Văn', N'An', N'Đường Nguyễn Văn Tráng, phường 1, quận 1, TP. HCM', '0384018180', N'Nam', '2002-10-07');
INSERT INTO CUSTOMERS VALUES ('363919101', N'Hoàng', N'Vân', N'Ngọc', N'Đường Nguyễn Văn Tráng, phường 1, quận 1, TP. HCM', '0937381710', N'Nữ', '2002-02-02');
INSERT INTO CUSTOMERS VALUES ('091028191', N'Nguyễn', N'Phương', N'Linh', N'Đường Trần Phú, phường 5, quận Phú Nhuận, TP. HCM', '0284719180', N'Nữ', '1998-11-16');
INSERT INTO CUSTOMERS VALUES ('019202010', N'Trần', N'Tú', N'Anh', N'Đường 1A, phường 5, quận 12, TP. HCM', '0182010810', N'Nữ', '1999-11-19');
INSERT INTO CUSTOMERS VALUES ('819182011', N'Tô', N'Văn', N'Nghi', N'Đường Phan Xích Long, phường 15, quận Phú Nhuận, TP. HCM', '0927291801', N'Nam', '2000-08-05');
INSERT INTO CUSTOMERS VALUES ('810181010', N'Trần', N'Mỹ', N'Ngọc', N'Đường Tô Ký, phường 10, quận 12, TP. HCM', '0979018292', N'Nữ', '1999-07-09');
INSERT INTO CUSTOMERS VALUES ('950631578', N'Nguyễn', N'Văn', N'Bình', N'Đường Phan Xích Long, phường 15, quận Phú Nhuận, TP. HCM', '0183791081', N'Nam', '1989-07-07');
INSERT INTO CUSTOMERS VALUES ('719101019', N'Ngọc', N'Phương', N'Linh', N'Đường 7A, phường 11, quận 4, TP. HCM', '0817292091', N'Nữ', '2000-09-09');
INSERT INTO CUSTOMERS VALUES ('710101018', N'Nguyễn', N'Minh', N'Thùy', N'Đường 2A, phường Thảo Điền, quận 2, TP. HCM', '0193720189', N'Nữ', '2001-08-01');
INSERT INTO CUSTOMERS VALUES ('910101090', N'Nguyễn', N'Phúc', N'Nguyên', N'Đường Hoàng Diệu, phường 10, quận Hoàng Mai, Hà Nội', '0172910170', N'Nam', '2002-07-09');
INSERT INTO CUSTOMERS VALUES ('719101000', N'Nguyễn', N'Viết', N'Quân', N'Đường Tô Ký, phường 10, Quận 12, TP. HCM', '0810102179', N'Nam', '2000-01-07');

-- ACCESSORY_GROUPS
INSERT INTO ACCESSORY_GROUPS VALUES ('NLK01', N'Linh kiện điện cơ', N'Có khả năng tác động điện liên kết với phần cơ, là các thiết bị như: Phần tử gốm áp điện, đầu nối, công tắc (chuyển mạch), cầu chì.');
INSERT INTO ACCESSORY_GROUPS VALUES ('NLK02', N'Linh kiện bị động', N'Không có khả năng cấp nguồn vào mạch, có quan hệ tuyến tính với dòng điện, điện áp, tần số… Gồm có các loại chính như: Điện trở, tụ điện, cảm ứng từ điện, memristor, networks, Transducer, Antenna.');
INSERT INTO ACCESSORY_GROUPS VALUES ('NLK03', N'Linh kiện chủ động', N'Là loại có khả năng tác động lên nguồn nuôi AC/DC để tạo ra nguồn tín hiệu mới. Trong nhóm này gồm có: linh kiện bán dẫn (Diode, transistor, tạch tích hợp ), quang điện tử, đền điện tử chân không, nguồn điện.');

-- EMPLOYEES 
INSERT INTO EMPLOYEES VALUES ('NV01', N'Nguyễn', N'Thảo', N'Linh', N'Sales', '2022-12-08', 66000000, 'linh.nguyen@gmail.com', '0941237585', '1994-12-01');
INSERT INTO EMPLOYEES VALUES ('NV02', N'Nguyễn', N'Ngọc', N'Thảo', N'Sales', '2022-08-12', 8000000, 'thao.thaonguyen@gmail.com', '0966372385', '1996-08-12');
INSERT INTO EMPLOYEES VALUES ('NV03', N'Nguyễn', N'Duy', N'Khang', N'Kế toán', '2022-10-04', 15000000, 'khang.nguyen@gmail.com', '0365722364', '1991-11-04');
INSERT INTO EMPLOYEES VALUES ('NV04', N'Phạm', N'Bảo', N'Yến', N'Kế toán', '2022-05-12', 19000000, 'yen.pham@gmail.com', '0374799681', '1993-05-12');
INSERT INTO EMPLOYEES VALUES ('NV05', N'Trần', N'Ngọc', N'Nhi', N'Quản lý cửa hàng', '2022-02-10', 15000000, 'nhi.tran@gmail.com', '0919723524', '1995-04-16');
INSERT INTO EMPLOYEES VALUES ('NV06', N'Võ', N'Minh', N'Tâm', N'Trưởng nhóm Sales', '2022-11-10', 15000000, 'tam.vo@gmail.com', '0937057757', '1992-09-03');
INSERT INTO EMPLOYEES VALUES ('NV07', N'Trương', N'Thanh', N'Nghi', N'Thu ngân', '2022-10-04', 9000000, 'nghi.trương@gmail.com', '0838428972', '2001-09-03');
INSERT INTO EMPLOYEES VALUES ('NV08', N'Phạm', N'Ngọc', N'Yến', N'Thu ngân', '2022-03-06', 9000000, 'yen.pham@gmail.com', '0966604027', '1999-07-12');
INSERT INTO EMPLOYEES VALUES ('NV09', N'Trần', N'Duy', N'Phú', N'Sales', '2022-10-07', 5000000, 'phu.tran@gmail.com', '0937017035', '2002-02-03');
INSERT INTO EMPLOYEES VALUES ('NV10', N'Lê', N'Phi', N'Long', N'Sales', '2022-04-13', 5000000, 'long.le@gmail.com', '0356853029', '2001-08-12');

-- ACCESSORIES 
INSERT INTO ACCESSORIES VALUES ('18997', N'Gốm áp điện', N'Việt Nam', N'Cái', 240000, 300000, 'NLK01');
INSERT INTO ACCESSORIES VALUES ('58921', N'Công tắc', N'Việt Nam', N'Cái', 25000, 32000, 'NLK01');
INSERT INTO ACCESSORIES VALUES ('26580', N'Antenna', N'Trung Quốc', N'Cái', 100000, 140000, 'NLK02');
INSERT INTO ACCESSORIES VALUES ('34214', N'Networks Card', N'Hàn Quốc', N'Cái', 12000000, 13560000, 'NLK02');
INSERT INTO ACCESSORIES VALUES ('78492', N'Transducer', N'Trung Quốc', N'Cái', 1210000, 1450000, 'NLK02');
INSERT INTO ACCESSORIES VALUES ('89372', N'Điện trở 12kw', N'Trung Quốc', N'Cái', 350000, 420000, 'NLK02');
INSERT INTO ACCESSORIES VALUES ('93622', N'Bóng đèn led (Quang điện tử)', N'Trung Quốc', N'Gói (100 bóng/gói)', 150000, 180000, 'NLK03');
INSERT INTO ACCESSORIES VALUES ('27391', N'Đèn điện tử chân không', N'Trung Quốc', N'Cái', 38000, 45000, 'NLK03');

-- IMPORT_INVOICES 
INSERT INTO IMPORT_INVOICES VALUES ('12354', '2022-01-01', '998199912');
INSERT INTO IMPORT_INVOICES VALUES ('54965', '2022-01-01', '091028101');
INSERT INTO IMPORT_INVOICES VALUES ('36541', '2022-01-01', '729269102');
INSERT INTO IMPORT_INVOICES VALUES ('26842', '2022-01-01', '456728123');
INSERT INTO IMPORT_INVOICES VALUES ('56593', '2022-01-06', '998199912');
INSERT INTO IMPORT_INVOICES VALUES ('53863', '2022-01-06', '998199912');
INSERT INTO IMPORT_INVOICES VALUES ('19730', '2022-01-08', '091028101');
INSERT INTO IMPORT_INVOICES VALUES ('12708', '2022-01-08', '729269102');
INSERT INTO IMPORT_INVOICES VALUES ('10836', '2022-07-03', '627191022');
INSERT INTO IMPORT_INVOICES VALUES ('50724', '2022-07-05', '091028101');

-- SALES_INVOICES 
INSERT INTO SALES_INVOICES VALUES ('HDX000001', '2022-01-13', '132457990', 'NV09');
INSERT INTO SALES_INVOICES VALUES ('HDX000002', '2022-01-13', '719101000', 'NV02');
INSERT INTO SALES_INVOICES VALUES ('HDX000003', '2022-02-16', '950631578', 'NV10');
INSERT INTO SALES_INVOICES VALUES ('HDX000004', '2022-03-18', '091028191', 'NV06');
INSERT INTO SALES_INVOICES VALUES ('HDX000005', '2022-05-21', '019202010', 'NV02');
INSERT INTO SALES_INVOICES VALUES ('HDX000006', '2022-06-23', '819182011', 'NV01');
INSERT INTO SALES_INVOICES VALUES ('HDX000007', '2022-07-28', '363919101', 'NV06');
INSERT INTO SALES_INVOICES VALUES ('HDX000008', '2022-08-08', '810181010', 'NV01');
INSERT INTO SALES_INVOICES VALUES ('HDX000009', '2022-09-07', '132457990', 'NV09');
INSERT INTO SALES_INVOICES VALUES ('HDX000010', '2022-09-12', '710101018', 'NV10');
INSERT INTO SALES_INVOICES VALUES ('HDX000011', '2022-09-15', '910101090', 'NV01');
INSERT INTO SALES_INVOICES VALUES ('HDX000012', '2022-10-30', '091028191', 'NV02');
INSERT INTO SALES_INVOICES VALUES ('HDX000013', '2022-11-03', '819182011', 'NV06');
INSERT INTO SALES_INVOICES VALUES ('HDX000014', '2022-11-08', '132457990', 'NV02');
INSERT INTO SALES_INVOICES VALUES ('HDX000015', '2022-11-18', '132457990', 'NV09');
INSERT INTO SALES_INVOICES VALUES ('HDX000016', '2022-11-26', '910101090', 'NV10');

-- ACCESSORIES_IN_AN_IMPORT_INVOICE 
INSERT INTO ACCESSORIES_IN_AN_IMPORT_INVOICE VALUES ('12354', '18997', 1000);
INSERT INTO ACCESSORIES_IN_AN_IMPORT_INVOICE VALUES ('54965', '27391', 500);
INSERT INTO ACCESSORIES_IN_AN_IMPORT_INVOICE VALUES ('36541', '34214', 2000);
INSERT INTO ACCESSORIES_IN_AN_IMPORT_INVOICE VALUES ('26842', '58921', 300);
INSERT INTO ACCESSORIES_IN_AN_IMPORT_INVOICE VALUES ('56593', '26580', 100);
INSERT INTO ACCESSORIES_IN_AN_IMPORT_INVOICE VALUES ('53863', '78492', 400);
INSERT INTO ACCESSORIES_IN_AN_IMPORT_INVOICE VALUES ('19730', '93622', 500);
INSERT INTO ACCESSORIES_IN_AN_IMPORT_INVOICE VALUES ('12708', '89372', 200);
INSERT INTO ACCESSORIES_IN_AN_IMPORT_INVOICE VALUES ('10836', '58921', 100);
INSERT INTO ACCESSORIES_IN_AN_IMPORT_INVOICE VALUES ('50724', '93622', 200);

-- ACCESSORIES_IN_A_SALES_INVOICE 
INSERT INTO ACCESSORIES_IN_A_SALES_INVOICE VALUES ('HDX000001', '18997', 800);
INSERT INTO ACCESSORIES_IN_A_SALES_INVOICE VALUES ('HDX000002', '27391', 320);
INSERT INTO ACCESSORIES_IN_A_SALES_INVOICE VALUES ('HDX000003', '34214', 1850);
INSERT INTO ACCESSORIES_IN_A_SALES_INVOICE VALUES ('HDX000004', '93622', 150);
INSERT INTO ACCESSORIES_IN_A_SALES_INVOICE VALUES ('HDX000004', '18997', 20);
INSERT INTO ACCESSORIES_IN_A_SALES_INVOICE VALUES ('HDX000004', '58921', 35);
INSERT INTO ACCESSORIES_IN_A_SALES_INVOICE VALUES ('HDX000005', '58921', 50);
INSERT INTO ACCESSORIES_IN_A_SALES_INVOICE VALUES ('HDX000006', '27391', 35);
INSERT INTO ACCESSORIES_IN_A_SALES_INVOICE VALUES ('HDX000007', '93622', 10);
INSERT INTO ACCESSORIES_IN_A_SALES_INVOICE VALUES ('HDX000008', '58921', 10);
INSERT INTO ACCESSORIES_IN_A_SALES_INVOICE VALUES ('HDX000009', '93622', 40);
INSERT INTO ACCESSORIES_IN_A_SALES_INVOICE VALUES ('HDX000009', '18997', 15);
INSERT INTO ACCESSORIES_IN_A_SALES_INVOICE VALUES ('HDX000010', '26580', 3);
INSERT INTO ACCESSORIES_IN_A_SALES_INVOICE VALUES ('HDX000011', '58921', 100);
INSERT INTO ACCESSORIES_IN_A_SALES_INVOICE VALUES ('HDX000012', '93622', 20);
INSERT INTO ACCESSORIES_IN_A_SALES_INVOICE VALUES ('HDX000012', '27391', 5);
INSERT INTO ACCESSORIES_IN_A_SALES_INVOICE VALUES ('HDX000013', '89372', 17);
INSERT INTO ACCESSORIES_IN_A_SALES_INVOICE VALUES ('HDX000014', '78492', 12);
INSERT INTO ACCESSORIES_IN_A_SALES_INVOICE VALUES ('HDX000015', '93622', 25);
INSERT INTO ACCESSORIES_IN_A_SALES_INVOICE VALUES ('HDX000016', '27391', 175);